graph_id,family,n,call_idx,k,p,exact_best_cut,exact_improvement,headroom_positive,incumbent_cut,transferred_expected_cut,transferred_best_sampled_improvement,opt_expected_cut,opt_improvement_expected,opt_gammas,opt_betas,opt_evals,quality_gap_expected
3-regular_n100_g0,3-regular,100,0,12,1,131.0,1.0,True,130.0,14.916659,,15.43412,-114.56588,[np.float64(0.561372)],[np.float64(0.270946)],119,0.517461
3-regular_n100_g0,3-regular,100,1,12,1,131.0,1.0,True,130.0,11.820491,,12.341939,-117.658061,[np.float64(2.561808)],[np.float64(0.251751)],140,0.521448
3-regular_n100_g0,3-regular,100,2,12,1,132.0,2.0,True,130.0,9.82441,,10.405939,-119.594061,[np.float64(0.562741)],[np.float64(0.255516)],117,0.581529
3-regular_n100_g0,3-regular,100,3,12,1,132.0,2.0,True,130.0,12.91714,,13.390416,-116.609584,[np.float64(0.564699)],[np.float64(3.393393)],119,0.473276
3-regular_n100_g0,3-regular,100,4,12,1,132.0,2.0,True,130.0,11.631777,,12.326547,-117.673453,[np.float64(-0.5949)],[np.float64(-0.234739)],130,0.694769
3-regular_n100_g0,3-regular,100,5,12,1,131.0,1.0,True,130.0,8.863767,,9.37831,-120.62169,[np.float64(5.710441)],[np.float64(2.878246)],131,0.514543
3-regular_n100_g0,3-regular,100,6,12,1,131.0,1.0,True,130.0,14.859206,,15.419817,-114.580183,[np.float64(0.556952)],[np.float64(0.262839)],119,0.560611
3-regular_n100_g0,3-regular,100,7,12,1,131.0,1.0,True,130.0,16.661832,,17.34826,-112.65174,[np.float64(0.571301)],[np.float64(0.253993)],119,0.686428
3-regular_n100_g1,3-regular,100,0,12,1,128.0,0.0,False,128.0,14.859001,,15.443621,-112.556379,[np.float64(-0.557804)],[np.float64(-0.282792)],107,0.58462
3-regular_n100_g1,3-regular,100,1,12,1,129.0,1.0,True,128.0,12.769598,,13.355253,-114.644747,[np.float64(0.576362)],[np.float64(0.251867)],118,0.585655
3-regular_n100_g1,3-regular,100,2,12,1,129.0,1.0,True,128.0,12.742131,,13.389035,-114.610965,[np.float64(0.564524)],[np.float64(3.398009)],119,0.646903
3-regular_n100_g1,3-regular,100,3,12,1,130.0,2.0,True,128.0,10.905744,,11.393259,-116.606741,[np.float64(2.544093)],[np.float64(0.239012)],123,0.487515
3-regular_n100_g1,3-regular,100,4,12,1,129.0,1.0,True,128.0,9.807339,,10.412125,-117.587875,[np.float64(3.706131)],[np.float64(2.876035)],120,0.604786
3-regular_n100_g1,3-regular,100,5,12,1,128.0,0.0,False,128.0,16.966606,,17.562764,-110.437236,[np.float64(0.551204)],[np.float64(0.293419)],121,0.596157
3-regular_n100_g1,3-regular,100,6,12,1,129.0,1.0,True,128.0,11.840101,,12.397032,-115.602968,[np.float64(0.578082)],[np.float64(0.260023)],118,0.55693
3-regular_n100_g1,3-regular,100,7,12,1,130.0,2.0,True,128.0,11.914218,,12.457019,-115.542981,[np.float64(0.557931)],[np.float64(0.272237)],117,0.542801
3-regular_n100_g2,3-regular,100,0,12,1,125.0,1.0,True,124.0,14.645447,,15.311991,-108.688009,[np.float64(0.585938)],[np.float64(0.24236)],119,0.666544
3-regular_n100_g2,3-regular,100,1,12,1,126.0,2.0,True,124.0,10.767713,,11.377044,-112.622956,[np.float64(0.580343)],[np.float64(0.249432)],126,0.609331
3-regular_n100_g2,3-regular,100,2,12,1,125.0,1.0,True,124.0,12.7083,,13.335656,-110.664344,[np.float64(2.558679)],[np.float64(0.24446)],129,0.627356
3-regular_n100_g2,3-regular,100,3,12,1,126.0,2.0,True,124.0,6.767713,,7.377044,-116.622956,[np.float64(0.580334)],[np.float64(0.249438)],125,0.609331
3-regular_n100_g2,3-regular,100,4,12,1,125.0,1.0,True,124.0,10.790784,,11.322317,-112.677683,[np.float64(3.727808)],[np.float64(2.903566)],138,0.531533
3-regular_n100_g2,3-regular,100,5,12,1,125.0,1.0,True,124.0,9.880798,,10.400694,-113.599306,[np.float64(2.576892)],[np.float64(0.262617)],114,0.519896
3-regular_n100_g2,3-regular,100,6,12,1,126.0,2.0,True,124.0,13.753379,,14.388736,-109.611264,[np.float64(2.553641)],[np.float64(0.242287)],101,0.635357
3-regular_n100_g2,3-regular,100,7,12,1,125.0,1.0,True,124.0,12.835795,,13.378052,-110.621948,[np.float64(2.57552)],[np.float64(3.394805)],136,0.542257
3-regular_n100_g3,3-regular,100,0,12,1,127.0,2.0,True,125.0,10.815461,,11.379917,-113.620083,[np.float64(0.638436)],[np.float64(0.229637)],151,0.564456
3-regular_n100_g3,3-regular,100,1,12,1,128.0,3.0,True,125.0,13.888151,,14.411173,-110.588827,[np.float64(2.520076)],[np.float64(0.231753)],117,0.523022
3-regular_n100_g3,3-regular,100,2,12,1,126.0,1.0,True,125.0,11.871817,,12.408303,-112.591697,[np.float64(3.709477)],[np.float64(2.883636)],111,0.536486
3-regular_n100_g3,3-regular,100,3,12,1,128.0,3.0,True,125.0,14.74464,,15.346676,-109.653324,[np.float64(0.602124)],[np.float64(0.235999)],144,0.602035
3-regular_n100_g3,3-regular,100,4,12,1,126.0,1.0,True,125.0,13.800057,,14.396259,-110.603741,[np.float64(2.588096)],[np.float64(0.25995)],108,0.596201
3-regular_n100_g3,3-regular,100,5,12,1,128.0,3.0,True,125.0,10.982524,,11.441069,-113.558931,[np.float64(0.63115)],[np.float64(0.234718)],116,0.458545
3-regular_n100_g3,3-regular,100,6,12,1,127.0,2.0,True,125.0,9.879021,,10.398851,-114.601149,[np.float64(2.536927)],[np.float64(3.383332)],117,0.519829
3-regular_n100_g3,3-regular,100,7,12,1,126.0,1.0,True,125.0,14.767713,,15.377044,-109.622956,[np.float64(2.56122)],[np.float64(0.249441)],165,0.609331
3-regular_n100_g4,3-regular,100,0,12,1,127.0,1.0,True,126.0,9.729016,,10.312325,-115.687675,[np.float64(0.603693)],[np.float64(0.244542)],133,0.583308
3-regular_n100_g4,3-regular,100,1,12,1,126.0,0.0,False,126.0,11.831809,,12.350439,-113.649561,[np.float64(0.566324)],[np.float64(0.257492)],123,0.51863
3-regular_n100_g4,3-regular,100,2,12,1,127.0,1.0,True,126.0,10.74464,,11.346676,-114.653324,[np.float64(0.602067)],[np.float64(0.236031)],133,0.602035
3-regular_n100_g4,3-regular,100,3,12,1,127.0,1.0,True,126.0,9.753379,,10.388736,-115.611264,[np.float64(0.587938)],[np.float64(0.242266)],107,0.635357
3-regular_n100_g4,3-regular,100,4,12,1,127.0,1.0,True,126.0,8.742131,,9.389035,-116.610965,[np.float64(0.564569)],[np.float64(0.256406)],128,0.646903
3-regular_n100_g4,3-regular,100,5,12,1,126.0,0.0,False,126.0,12.749113,,13.352634,-112.647366,[np.float64(2.574802)],[np.float64(0.266126)],112,0.60352
3-regular_n100_g4,3-regular,100,6,12,1,127.0,1.0,True,126.0,15.881776,,16.431084,-109.568916,[np.float64(2.588048)],[np.float64(0.262713)],112,0.549308
3-regular_n100_g4,3-regular,100,7,12,1,127.0,1.0,True,126.0,18.863776,,19.422742,-106.577258,[np.float64(2.584258)],[np.float64(0.263174)],109,0.558966
3-regular_n100_g5,3-regular,100,0,12,1,126.0,3.0,True,123.0,13.785709,,14.418686,-108.581314,[np.float64(2.443859)],[np.float64(0.222222)],144,0.632977
3-regular_n100_g5,3-regular,100,1,12,1,126.0,3.0,True,123.0,9.765937,,10.355274,-112.644726,[np.float64(2.507039)],[np.float64(3.365664)],132,0.589337
3-regular_n100_g5,3-regular,100,2,12,1,125.0,2.0,True,123.0,11.794592,,12.367789,-110.632211,[np.float64(0.575047)],[np.float64(0.255533)],134,0.573197
3-regular_n100_g5,3-regular,100,3,12,1,126.0,3.0,True,123.0,7.753379,,8.388736,-114.611264,[np.float64(3.729526)],[np.float64(2.899341)],123,0.635357
3-regular_n100_g5,3-regular,100,4,12,1,125.0,2.0,True,123.0,12.82243,,13.430882,-109.569118,[np.float64(0.558124)],[np.float64(0.258918)],111,0.608451
3-regular_n100_g5,3-regular,100,5,12,1,125.0,2.0,True,123.0,12.839526,,13.414558,-109.585442,[np.float64(2.554653)],[np.float64(0.242845)],120,0.575032
3-regular_n100_g5,3-regular,100,6,12,1,124.0,1.0,True,123.0,8.863767,,9.37831,-113.62169,[np.float64(2.568817)],[np.float64(0.263358)],125,0.514543
3-regular_n100_g5,3-regular,100,7,12,1,125.0,2.0,True,123.0,8.7622,,9.358693,-113.641307,[np.float64(0.648459)],[np.float64(0.22605)],136,0.596493
3-regular_n100_g6,3-regular,100,0,12,1,131.0,0.0,False,131.0,14.838263,,15.321244,-115.678756,[np.float64(2.56216)],[np.float64(0.257436)],126,0.482981
3-regular_n100_g6,3-regular,100,1,12,1,131.0,0.0,False,131.0,9.837212,,10.382507,-120.617493,[np.float64(0.552679)],[np.float64(0.263087)],123,0.545295
3-regular_n100_g6,3-regular,100,2,12,1,131.0,0.0,False,131.0,15.675366,,16.375517,-114.624483,[np.float64(2.582675)],[np.float64(0.266624)],118,0.700151
3-regular_n100_g6,3-regular,100,3,12,1,131.0,0.0,False,131.0,10.738463,,11.450151,-119.549849,[np.float64(3.69592)],[np.float64(-0.280189)],120,0.711688
3-regular_n100_g6,3-regular,100,4,12,1,131.0,0.0,False,131.0,9.837212,,10.382507,-120.617493,[np.float64(0.552765)],[np.float64(0.263056)],131,0.545295
3-regular_n100_g6,3-regular,100,5,12,1,132.0,1.0,True,131.0,7.955588,,8.443202,-122.556798,[np.float64(0.558787)],[np.float64(0.264927)],122,0.487614
3-regular_n100_g6,3-regular,100,6,12,1,131.0,0.0,False,131.0,8.846964,,9.459738,-121.540262,[np.float64(0.556136)],[np.float64(3.419043)],113,0.612773
3-regular_n100_g6,3-regular,100,7,12,1,131.0,0.0,False,131.0,17.984387,,18.448867,-112.551133,[np.float64(-0.556374)],[np.float64(2.860084)],131,0.46448
3-regular_n100_g7,3-regular,100,0,12,1,128.0,1.0,True,127.0,14.981394,,15.397672,-111.602328,[np.float64(0.568659)],[np.float64(0.271713)],119,0.416278
3-regular_n100_g7,3-regular,100,1,12,1,128.0,1.0,True,127.0,10.679993,,11.333582,-115.666418,[np.float64(0.588594)],[np.float64(0.246177)],144,0.653589
3-regular_n100_g7,3-regular,100,2,12,1,129.0,2.0,True,127.0,12.930827,,13.392261,-113.607739,[np.float64(2.564633)],[np.float64(0.254078)],123,0.461434
3-regular_n100_g7,3-regular,100,3,12,1,128.0,1.0,True,127.0,10.679993,,11.333582,-115.666418,[np.float64(0.58857)],[np.float64(0.246126)],132,0.653589
3-regular_n100_g7,3-regular,100,4,12,1,129.0,2.0,True,127.0,12.80762,,13.414268,-113.585732,[np.float64(0.566283)],[np.float64(0.249613)],131,0.606648
3-regular_n100_g7,3-regular,100,5,12,1,127.0,0.0,False,127.0,12.653572,,13.34264,-113.65736,[np.float64(2.570883)],[np.float64(0.253118)],108,0.689069
3-regular_n100_g7,3-regular,100,6,12,1,127.0,0.0,False,127.0,15.807339,,16.412125,-110.587875,[np.float64(3.706166)],[np.float64(-0.26557)],120,0.604786
3-regular_n100_g7,3-regular,100,7,12,1,129.0,2.0,True,127.0,12.930827,,13.392261,-113.607739,[np.float64(0.576989)],[np.float64(0.25408)],125,0.461434
3-regular_n100_g8,3-regular,100,0,12,1,130.0,0.0,False,130.0,14.795145,,15.421809,-114.578191,[np.float64(0.553312)],[np.float64(0.273134)],103,0.626664
3-regular_n100_g8,3-regular,100,1,12,1,130.0,0.0,False,130.0,8.767067,,9.293794,-120.706206,[np.float64(0.593888)],[np.float64(0.250092)],133,0.526727
3-regular_n100_g8,3-regular,100,2,12,1,130.0,0.0,False,130.0,12.73521,,13.323107,-116.676893,[np.float64(2.570203)],[np.float64(0.248608)],123,0.587897
3-regular_n100_g8,3-regular,100,3,12,1,130.0,0.0,False,130.0,17.885201,,18.411948,-111.588052,[np.float64(0.555281)],[np.float64(0.266705)],137,0.526747
3-regular_n100_g8,3-regular,100,4,12,1,130.0,0.0,False,130.0,8.767067,,9.293794,-120.706206,[np.float64(0.593917)],[np.float64(0.250075)],125,0.526727
3-regular_n100_g8,3-regular,100,5,12,1,130.0,0.0,False,130.0,9.824063,,10.372968,-119.627032,[np.float64(2.5706)],[np.float64(0.25426)],117,0.548904
3-regular_n100_g8,3-regular,100,6,12,1,131.0,1.0,True,130.0,11.68056,,12.285141,-117.714859,[np.float64(2.541399)],[np.float64(0.239621)],142,0.604582
3-regular_n100_g8,3-regular,100,7,12,1,131.0,1.0,True,130.0,11.68056,,12.285141,-117.714859,[np.float64(0.600189)],[np.float64(0.239593)],118,0.604582
3-regular_n100_g9,3-regular,100,0,12,1,127.0,1.0,True,126.0,9.929386,,10.431172,-115.568828,[np.float64(3.70913)],[np.float64(2.874803)],121,0.501785
3-regular_n100_g9,3-regular,100,1,12,1,127.0,1.0,True,126.0,10.810896,,11.405335,-114.594665,[np.float64(0.58364)],[np.float64(0.254192)],118,0.594439
3-regular_n100_g9,3-regular,100,2,12,1,128.0,2.0,True,126.0,13.631777,,14.326547,-111.673453,[np.float64(0.594983)],[np.float64(0.234768)],135,0.694769
3-regular_n100_g9,3-regular,100,3,12,1,127.0,1.0,True,126.0,11.749082,,12.339606,-113.660394,[np.float64(2.56959)],[np.float64(0.251194)],131,0.590524
3-regular_n100_g9,3-regular,100,4,12,1,128.0,2.0,True,126.0,9.840101,,10.397032,-115.602968,[np.float64(3.719635)],[np.float64(2.88156)],123,0.55693
3-regular_n100_g9,3-regular,100,5,12,1,128.0,2.0,True,126.0,13.631777,,14.326547,-111.673453,[np.float64(2.54665)],[np.float64(0.234748)],138,0.694769
3-regular_n100_g9,3-regular,100,6,12,1,127.0,1.0,True,126.0,10.794597,,11.357435,-114.642565,[np.float64(0.575063)],[np.float64(0.253889)],122,0.562838
3-regular_n100_g9,3-regular,100,7,12,1,129.0,3.0,True,126.0,6.74464,,7.346676,-118.653324,[np.float64(2.53956)],[np.float64(0.236003)],127,0.602035
ER_n50_g0,ER,50,0,12,1,56.0,3.0,True,53.0,13.222495,,13.565309,-39.434691,[np.float64(0.576416)],[np.float64(0.268722)],148,0.342814
ER_n50_g0,ER,50,1,12,1,57.0,4.0,True,53.0,9.845294,,10.535927,-42.464073,[np.float64(0.50788)],[np.float64(0.274392)],229,0.690634
ER_n50_g0,ER,50,2,12,1,54.0,1.0,True,53.0,12.096074,,12.499775,-40.500225,[np.float64(0.620832)],[np.float64(0.259052)],189,0.403701
ER_n50_g0,ER,50,3,12,1,55.0,2.0,True,53.0,7.706215,,8.388014,-44.611986,[np.float64(0.581765)],[np.float64(0.244469)],183,0.6818
ER_n50_g0,ER,50,4,12,1,55.0,2.0,True,53.0,13.085064,,13.529883,-39.470117,[np.float64(-0.618653)],[np.float64(-0.256359)],162,0.444819
ER_n50_g0,ER,50,5,12,1,56.0,3.0,True,53.0,14.776717,,15.645162,-37.354838,[np.float64(0.528174)],[np.float64(0.289847)],227,0.868445
ER_n50_g0,ER,50,6,12,1,56.0,3.0,True,53.0,10.855815,,11.678396,-41.321604,[np.float64(0.547792)],[np.float64(0.279404)],132,0.822581
ER_n50_g0,ER,50,7,12,1,55.0,2.0,True,53.0,9.081295,,9.598502,-43.401498,[np.float64(0.593998)],[np.float64(0.262369)],114,0.517207
ER_n50_g1,ER,50,0,12,1,66.0,2.0,True,64.0,7.822561,,8.280203,-55.719797,[np.float64(0.437613)],[np.float64(0.254168)],131,0.457642
ER_n50_g1,ER,50,1,12,1,67.0,3.0,True,64.0,9.624589,,12.183894,-51.816106,[np.float64(-0.450837)],[np.float64(1.40255)],130,2.559305
ER_n50_g1,ER,50,2,12,1,65.0,1.0,True,64.0,18.882477,,19.316735,-44.683265,[np.float64(0.446949)],[np.float64(0.265205)],120,0.434258
ER_n50_g1,ER,50,3,12,1,65.0,1.0,True,64.0,18.919166,,19.325809,-44.674191,[np.float64(0.443279)],[np.float64(0.263921)],153,0.406643
ER_n50_g1,ER,50,4,12,1,64.0,0.0,False,64.0,14.000348,,14.398969,-49.601031,[np.float64(0.490973)],[np.float64(0.274248)],146,0.39862
ER_n50_g1,ER,50,5,12,1,65.0,1.0,True,64.0,10.820466,,11.29297,-52.70703,[np.float64(0.544557)],[np.float64(0.25092)],126,0.472504
ER_n50_g1,ER,50,6,12,1,64.0,0.0,False,64.0,12.656505,,13.274377,-50.725623,[np.float64(0.503681)],[np.float64(0.257648)],180,0.617872
ER_n50_g1,ER,50,7,12,1,66.0,2.0,True,64.0,15.814978,,16.28637,-47.71363,[np.float64(0.435538)],[np.float64(0.245753)],108,0.471392
ER_n50_g2,ER,50,0,12,1,57.0,1.0,True,56.0,10.78593,,11.265791,-44.734209,[np.float64(0.507879)],[np.float64(0.249569)],173,0.479862
ER_n50_g2,ER,50,1,12,1,57.0,1.0,True,56.0,11.918929,,12.362202,-43.637798,[np.float64(0.497671)],[np.float64(0.253568)],118,0.443273
ER_n50_g2,ER,50,2,12,1,59.0,3.0,True,56.0,9.087942,,9.542511,-46.457489,[np.float64(0.494359)],[np.float64(0.252721)],143,0.454568
ER_n50_g2,ER,50,3,12,1,58.0,2.0,True,56.0,16.020323,,16.458987,-39.541013,[np.float64(-0.469557)],[np.float64(2.887113)],135,0.438663
ER_n50_g2,ER,50,4,12,1,58.0,2.0,True,56.0,9.795603,,10.399604,-45.600396,[np.float64(0.565618)],[np.float64(0.259312)],122,0.604001
ER_n50_g2,ER,50,5,12,1,58.0,2.0,True,56.0,13.680772,,14.309198,-41.690802,[np.float64(0.603673)],[np.float64(0.249225)],198,0.628427
ER_n50_g2,ER,50,6,12,1,58.0,2.0,True,56.0,12.032828,,12.46749,-43.53251,[np.float64(0.60822)],[np.float64(0.260385)],205,0.434662
ER_n50_g2,ER,50,7,12,1,58.0,2.0,True,56.0,14.82556,,15.357484,-40.642516,[np.float64(0.578687)],[np.float64(0.260096)],131,0.531924
ER_n50_g3,ER,50,0,12,1,56.0,2.0,True,54.0,9.043263,,9.518315,-44.481685,[np.float64(0.507904)],[np.float64(0.240217)],154,0.475052
ER_n50_g3,ER,50,1,12,1,58.0,4.0,True,54.0,11.538369,,11.797574,-42.202426,[np.float64(0.499757)],[np.float64(0.276513)],160,0.259205
ER_n50_g3,ER,50,2,12,1,56.0,2.0,True,54.0,12.405077,,13.04674,-40.95326,[np.float64(0.362484)],[np.float64(0.233464)],106,0.641663
ER_n50_g3,ER,50,3,12,1,56.0,2.0,True,54.0,16.494371,,17.049604,-36.950396,[np.float64(0.354682)],[np.float64(0.235197)],113,0.555233
ER_n50_g3,ER,50,4,12,1,58.0,4.0,True,54.0,9.959541,,10.419281,-43.580719,[np.float64(0.347035)],[np.float64(0.244299)],130,0.45974
ER_n50_g3,ER,50,5,12,1,56.0,2.0,True,54.0,10.023899,,10.453675,-43.546325,[np.float64(0.638715)],[np.float64(0.244731)],175,0.429775
ER_n50_g3,ER,50,6,12,1,57.0,3.0,True,54.0,12.1796,,12.635748,-41.364252,[np.float64(0.564202)],[np.float64(0.263071)],150,0.456148
ER_n50_g3,ER,50,7,12,1,58.0,4.0,True,54.0,14.612365,,14.857222,-39.142778,[np.float64(0.490434)],[np.float64(0.271616)],131,0.244858
ER_n50_g4,ER,50,0,12,1,58.0,1.0,True,57.0,11.759457,,12.555293,-44.444707,[np.float64(0.788842)],[np.float64(0.260316)],148,0.795835
ER_n50_g4,ER,50,1,12,1,59.0,2.0,True,57.0,10.32873,,11.04546,-45.95454,[np.float64(0.300937)],[np.float64(0.239847)],101,0.71673
ER_n50_g4,ER,50,2,12,1,58.0,1.0,True,57.0,16.060855,,16.903325,-40.096675,[np.float64(0.37036)],[np.float64(0.238649)],163,0.84247
ER_n50_g4,ER,50,3,12,1,59.0,2.0,True,57.0,7.084343,,7.493998,-49.506002,[np.float64(0.569259)],[np.float64(0.237598)],123,0.409655
ER_n50_g4,ER,50,4,12,1,58.0,1.0,True,57.0,13.531943,,14.197432,-42.802568,[np.float64(0.559589)],[np.float64(0.235044)],225,0.665489
ER_n50_g4,ER,50,5,12,1,59.0,2.0,True,57.0,6.975844,,7.425683,-49.574317,[np.float64(0.562627)],[np.float64(0.237618)],204,0.449839
ER_n50_g4,ER,50,6,12,1,60.0,3.0,True,57.0,9.980338,,10.3871,-46.6129,[np.float64(0.583337)],[np.float64(0.243658)],131,0.406762
ER_n50_g4,ER,50,7,12,1,58.0,1.0,True,57.0,15.381725,,16.030784,-40.969216,[np.float64(0.322421)],[np.float64(0.243323)],119,0.649059
ER_n50_g5,ER,50,0,12,1,62.0,1.0,True,61.0,13.223695,,13.616272,-47.383728,[np.float64(0.537223)],[np.float64(0.249752)],184,0.392577
ER_n50_g5,ER,50,1,12,1,63.0,2.0,True,61.0,13.05409,,13.491339,-47.508661,[np.float64(0.462658)],[np.float64(0.244572)],102,0.437249
ER_n50_g5,ER,50,2,12,1,63.0,2.0,True,61.0,11.230209,,11.597392,-49.402608,[np.float64(-0.487635)],[np.float64(-0.259308)],117,0.367183
ER_n50_g5,ER,50,3,12,1,65.0,4.0,True,61.0,10.192956,,10.576256,-50.423744,[np.float64(0.453294)],[np.float64(0.261186)],204,0.3833
ER_n50_g5,ER,50,4,12,1,65.0,4.0,True,61.0,13.309606,,13.639932,-47.360068,[np.float64(0.54148)],[np.float64(0.253189)],124,0.330326
ER_n50_g5,ER,50,5,12,1,63.0,2.0,True,61.0,17.143456,,17.526618,-43.473382,[np.float64(0.500122)],[np.float64(0.257925)],124,0.383163
ER_n50_g5,ER,50,6,12,1,64.0,3.0,True,61.0,15.051068,,15.402496,-45.597504,[np.float64(0.370633)],[np.float64(0.265112)],129,0.351428
ER_n50_g5,ER,50,7,12,1,64.0,3.0,True,61.0,15.051068,,15.402496,-45.597504,[np.float64(0.370623)],[np.float64(0.265116)],108,0.351428
ER_n50_g6,ER,50,0,12,1,62.0,2.0,True,60.0,17.031609,,17.494017,-42.505983,[np.float64(0.540526)],[np.float64(0.272501)],203,0.462408
ER_n50_g6,ER,50,1,12,1,64.0,4.0,True,60.0,11.696577,,12.369356,-47.630644,[np.float64(0.363347)],[np.float64(0.257206)],116,0.67278
ER_n50_g6,ER,50,2,12,1,62.0,2.0,True,60.0,9.952631,,10.400112,-49.599888,[np.float64(0.438018)],[np.float64(0.246496)],137,0.447481
ER_n50_g6,ER,50,3,12,1,63.0,3.0,True,60.0,18.769039,,19.241555,-40.758445,[np.float64(0.365088)],[np.float64(0.239521)],175,0.472516
ER_n50_g6,ER,50,4,12,1,63.0,3.0,True,60.0,11.429758,,12.183063,-47.816937,[np.float64(-0.413073)],[np.float64(-0.252268)],123,0.753305
ER_n50_g6,ER,50,5,12,1,64.0,4.0,True,60.0,12.625438,,13.194795,-46.805205,[np.float64(0.382677)],[np.float64(0.238925)],143,0.569357
ER_n50_g6,ER,50,6,12,1,62.0,2.0,True,60.0,10.979967,,11.441444,-48.558556,[np.float64(0.414282)],[np.float64(3.396885)],174,0.461477
ER_n50_g6,ER,50,7,12,1,63.0,3.0,True,60.0,11.700142,,12.221683,-47.778317,[np.float64(5.878389)],[np.float64(2.890107)],173,0.521541
ER_n50_g7,ER,50,0,12,1,61.0,1.0,True,60.0,12.382602,,13.122844,-46.877156,[np.float64(0.40844)],[np.float64(0.241378)],141,0.740242
ER_n50_g7,ER,50,1,12,1,61.0,1.0,True,60.0,12.866104,,13.307421,-46.692579,[np.float64(-0.523134)],[np.float64(-0.265288)],115,0.441317
ER_n50_g7,ER,50,2,12,1,61.0,1.0,True,60.0,16.410002,,17.025476,-42.974524,[np.float64(0.393597)],[np.float64(0.256597)],111,0.615474
ER_n50_g7,ER,50,3,12,1,61.0,1.0,True,60.0,11.620332,,12.145629,-47.854371,[np.float64(0.415869)],[np.float64(0.244519)],175,0.525297
ER_n50_g7,ER,50,4,12,1,60.0,0.0,False,60.0,11.608143,,12.154485,-47.845515,[np.float64(0.402629)],[np.float64(0.25025)],123,0.546342
ER_n50_g7,ER,50,5,12,1,60.0,0.0,False,60.0,12.776772,,13.305503,-46.694497,[np.float64(0.545013)],[np.float64(0.251582)],126,0.528731
ER_n50_g7,ER,50,6,12,1,60.0,0.0,False,60.0,10.861463,,11.304334,-48.695666,[np.float64(0.519644)],[np.float64(0.251959)],118,0.442871
ER_n50_g7,ER,50,7,12,1,60.0,0.0,False,60.0,15.899479,,16.437199,-43.562801,[np.float64(0.502498)],[np.float64(0.284179)],123,0.53772
ER_n50_g8,ER,50,0,12,1,63.0,1.0,True,62.0,9.69685,,10.219406,-51.780594,[np.float64(0.458809)],[np.float64(0.250508)],132,0.522556
ER_n50_g8,ER,50,1,12,1,67.0,5.0,True,62.0,10.484401,,10.785188,-51.214812,[np.float64(0.649628)],[np.float64(0.262884)],239,0.300787
ER_n50_g8,ER,50,2,12,1,66.0,4.0,True,62.0,13.113271,,13.478182,-48.521818,[np.float64(0.424411)],[np.float64(0.245367)],105,0.364911
ER_n50_g8,ER,50,3,12,1,66.0,4.0,True,62.0,8.122825,,8.726574,-53.273426,[np.float64(0.68445)],[np.float64(0.252745)],157,0.603749
ER_n50_g8,ER,50,4,12,1,63.0,1.0,True,62.0,15.479616,,16.030209,-45.969791,[np.float64(0.386062)],[np.float64(0.237197)],141,0.550593
ER_n50_g8,ER,50,5,12,1,65.0,3.0,True,62.0,15.877925,,16.290016,-45.709984,[np.float64(0.359418)],[np.float64(0.248857)],127,0.412091
ER_n50_g8,ER,50,6,12,1,66.0,4.0,True,62.0,8.122825,,8.726573,-53.273427,[np.float64(0.684236)],[np.float64(0.252673)],146,0.603749
ER_n50_g8,ER,50,7,12,1,65.0,3.0,True,62.0,15.713934,,16.28295,-45.71705,[np.float64(0.358751)],[np.float64(0.236971)],114,0.569016
ER_n50_g9,ER,50,0,12,1,65.0,1.0,True,64.0,19.86066,,20.301081,-43.698919,[np.float64(0.466286)],[np.float64(0.266672)],132,0.440421
ER_n50_g9,ER,50,1,12,1,64.0,0.0,False,64.0,16.546746,,17.078069,-46.921931,[np.float64(0.462532)],[np.float64(0.266342)],137,0.531323
ER_n50_g9,ER,50,2,12,1,66.0,2.0,True,64.0,16.060768,,16.458938,-47.541062,[np.float64(0.432285)],[np.float64(3.408079)],126,0.39817
ER_n50_g9,ER,50,3,12,1,65.0,1.0,True,64.0,13.961842,,14.408381,-49.591619,[np.float64(0.469112)],[np.float64(0.262128)],102,0.446539
ER_n50_g9,ER,50,4,12,1,65.0,1.0,True,64.0,14.920077,,15.343279,-48.656721,[np.float64(0.470645)],[np.float64(0.259412)],144,0.423203
ER_n50_g9,ER,50,5,12,1,65.0,1.0,True,64.0,18.743225,,19.271805,-44.728195,[np.float64(0.446943)],[np.float64(0.255752)],107,0.52858
ER_n50_g9,ER,50,6,12,1,65.0,1.0,True,64.0,19.895018,,20.32924,-43.67076,[np.float64(0.469697)],[np.float64(0.272711)],100,0.434222
ER_n50_g9,ER,50,7,12,1,66.0,2.0,True,64.0,17.132518,,17.500323,-46.499677,[np.float64(0.493275)],[np.float64(0.272021)],119,0.367805
